Channel name,Category,EPG,Source,Alternate source,Status
123GO!,General Entertainment,Full,Plex AU,,Active
21 Jump Street,General Entertainment,Full,Plex AU,,Active
5-Minute Crafts,General Entertainment,Full,Plex AU,,Active
ACL Cornhole TV,Sport,Full,Plex AU,,Active
Action Hollywood Movies,Movies,Full,Plex AU,,Active
AddictaTV,General Entertainment,Full,Plex AU,,Active
Adventure Earth,Factual,Full,Plex AU,,Active
AfroLandTV,General Entertainment,Full,Plex AU,,Active
Alternative,General Entertainment,Full,Plex AU,,Active
American Crime Channel,Crime & Mystery,Full,Plex AU,,Active
Andromeda,General Entertainment,Full,Plex AU,,Active
Animation+,General Entertainment,Full,Plex AU,,Active
Antiques Road Trip,Lifestyle,Full,Plex AU,,Active
Arthur,Kids & Animation,Full,Plex AU,,Active
Asian Drama,Drama,Full,Plex AU,,Active
Ax Men,General Entertainment,Full,Plex AU,,Active
Baby Einstein,Kids & Animation,Full,Plex AU,,Active
Bassmaster,General Entertainment,Full,Plex AU,,Active
beIN SPORTS XTRA,Sport,Full,Plex AU,,Active
Beyblade,Kids & Animation,Full,Plex AU,,Active
Beyond Belief,General Entertainment,Full,Plex AU,,Active
Beyond Paranormal,Crime & Mystery,Full,Plex AU,,Active
Billboard Español TV,General Entertainment,Full,Plex AU,,Active
Billiard TV,Sport,Full,Plex AU,,Active
Bizaar,General Entertainment,Full,Plex AU,,Active
Bloomberg Originals,News & Business,Full,Plex AU,,Active
Bloomberg TV,News & Business,Full,Plex AU,,Active
Bon Voyage,General Entertainment,Full,Plex AU,,Active
Bondi Vet,General Entertainment,Full,Plex AU,,Active
BOOT,General Entertainment,Full,Plex AU,,Active
Bowling TV,Sport,Full,Plex AU,,Active
Brat TV,General Entertainment,Full,Plex AU,,Active
Breaking Sports News,Sport,Full,Plex AU,,Active
Bring It!,General Entertainment,Full,Plex AU,,Active
C4 en Alerta,General Entertainment,Full,Plex AU,,Active
Camp Spoopy,General Entertainment,Full,Plex AU,,Active
CBC News,News & Business,Full,Plex AU,,Active
Cesar's Pack Leader TV,General Entertainment,Full,Plex AU,,Active
Cheaters,General Entertainment,Full,Plex AU,,Active
CINEPRIDE,General Entertainment,Full,Plex AU,,Active
Classic Rock,Music,Full,Plex AU,,Active
CombaTV,General Entertainment,Full,Plex AU,,Active
Come Dine With Me,General Entertainment,Full,Plex AU,,Active
Cooking Panda,Lifestyle,Full,Plex AU,,Active
COPS,General Entertainment,Full,Plex AU,,Active
COPS Reloaded,General Entertainment,Full,Plex AU,,Active
Corner Gas,General Entertainment,Full,Plex AU,,Active
CraftsyTV,General Entertainment,Full,Plex AU,,Active
Creator Television,General Entertainment,Full,Plex AU,,Active
Cricket Gold,General Entertainment,Full,Plex AU,,Active
Crime 360,Crime & Mystery,Full,Plex AU,,Active
Crime Scene TV,Crime & Mystery,Full,Plex AU,,Active
Deal Or No Deal,Game Shows,Full,Plex AU,,Active
Death Valley Days,General Entertainment,Full,Plex AU,,Active
Dick Van Dyke,General Entertainment,Full,Plex AU,,Active
Documentary+,Factual,Full,Plex AU,,Active
Dog The Bounty Hunter,General Entertainment,Full,Plex AU,,Active
Dog Whisperer,General Entertainment,Full,Plex AU,,Active
Dr. Phil,General Entertainment,Full,Plex AU,,Active
Duck Dynasty,General Entertainment,Full,Plex AU,,Active
Easy Listening,Music,Full,Plex AU,,Active
Eddie's Wonderland,Factual,Full,Plex AU,,Active
El Conflicto TV,Sport,Full,Plex AU,,Active
Euro Hits,General Entertainment,Full,Plex AU,,Active
Euronews,News & Business,Full,Plex AU,,Active
Euronews Deutsch,News & Business,Full,Plex AU,,Active
Euronews Español,News & Business,Full,Plex AU,,Active
Euronews Français,News & Business,Full,Plex AU,,Active
Euronews Italiano,News & Business,Full,Plex AU,,Active
Euronews Portuguese,News & Business,Full,Plex AU,,Active
Evolution Earth,Factual,Full,Plex AU,,Active
FailArmy,General Entertainment,Full,Plex AU,,Active
FashionTV,General Entertainment,Full,Plex AU,,Active
Fear Factor,General Entertainment,Full,Plex AU,,Active
FIFA+,General Entertainment,Full,Plex AU,,Active
Fifth Gear (UK),General Entertainment,Full,Plex AU,,Active
Fight Network,General Entertainment,Full,Plex AU,,Active
FilmRise Creators,Movies,Full,Plex AU,,Active
Flashback 70s,General Entertainment,Full,Plex AU,,Active
Forensic Files,Crime & Mystery,Full,Plex AU,,Active
Four in a Bed,General Entertainment,Full,Plex AU,,Active
FRANCE 24,General Entertainment,Full,Plex AU,,Active
FrightFlix,General Entertainment,Full,Plex AU,,Active
FTF Sports,Sport,Full,Plex AU,,Active
FUEL TV,General Entertainment,Full,Plex AU,,Active
Galxy TV,General Entertainment,Full,Plex AU,,Active
GB News,News & Business,Full,Plex AU,,Active
Ghost,General Entertainment,Full,Plex AU,,Active
Ghost Hunters Channel,General Entertainment,Full,Plex AU,,Active
Glewed TV,General Entertainment,Full,Plex AU,,Active
GLORY Kickboxing,Sport,Full,Plex AU,,Active
Go Wild,Factual,Full,Plex AU,,Active
Gone Fishing,General Entertainment,Full,Plex AU,,Active
Great British Menu,General Entertainment,Full,Plex AU,,Active
Grjngo - Western Movies,Movies,Full,Plex AU,,Active
GrowthDay Network,General Entertainment,Full,Plex AU,,Active
GUSTOTV,General Entertainment,Full,Plex AU,,Active
Hard Knocks,General Entertainment,Full,Plex AU,,Active
Hardcore Pawn,General Entertainment,Full,Plex AU,,Active
Heartland,General Entertainment,Full,Plex AU,,Active
Hell's Kitchen,General Entertainment,Full,Plex AU,,Active
Highway Thru Hell,General Entertainment,Full,Plex AU,,Active
Highway to Heaven,General Entertainment,Full,Plex AU,,Active
Hip-Hop/R&B,General Entertainment,Full,Plex AU,,Active
History & Warfare,Factual,Full,Plex AU,,Active
History Hit,Factual,Full,Plex AU,,Active
Hit List,Music,Full,Plex AU,,Active
Homeful,Lifestyle,Full,Plex AU,,Active
Homes Under the Hammer,Lifestyle,Full,Plex AU,,Active
Homicide Hunter,General Entertainment,Full,Plex AU,,Active
Hot Ones,General Entertainment,Full,Plex AU,,Active
Hunter,General Entertainment,Full,Plex AU,,Active
I Shouldn't Be Alive,General Entertainment,Full,Plex AU,,Active
I Survived…,General Entertainment,Full,Plex AU,,Active
Ice Pilots NWT,General Entertainment,Full,Plex AU,,Active
Ice Road Truckers,General Entertainment,Full,Plex AU,,Active
Ideas En 5 Minutos,General Entertainment,Full,Plex AU,,Active
Inside Outside,General Entertainment,Full,Plex AU,,Active
INTER 24/7,General Entertainment,Full,Plex AU,,Active
Intervention,General Entertainment,Full,Plex AU,,Active
Iron Chef,Lifestyle,Full,Plex AU,,Active
ITV Deportes,General Entertainment,Full,Plex AU,,Active
Jade Fever,General Entertainment,Full,Plex AU,,Active
JAIL,Crime & Mystery,Full,Plex AU,,Active
Johnny Carson TV,General Entertainment,Full,Plex AU,,Active
Journy,General Entertainment,Full,Plex AU,,Active
Judge Nosey,General Entertainment,Full,Plex AU,,Active
Just For Laughs Gags,Comedy,Full,Plex AU,,Active
Legacy,General Entertainment,Full,Plex AU,,Active
Life Down Under,General Entertainment,Full,Plex AU,,Active
Life+Style,General Entertainment,Full,Plex AU,,Active
Little Women: LA,General Entertainment,Full,Plex AU,,Active
Lone Star,General Entertainment,Full,Plex AU,,Active
Lucha Plus,General Entertainment,Full,Plex AU,,Active
Made In Hollywood,General Entertainment,Full,Plex AU,,Active
MagellanTV Wildest,Factual,Full,Plex AU,,Active
Maverick Black Cinema,Movies,Full,Plex AU,,Active
Mayday: Air Disaster,General Entertainment,Full,Plex AU,,Active
Metal.Rocks,General Entertainment,Full,Plex AU,,Active
Million Dollar Dream Home,Lifestyle,Full,Plex AU,,Active
Modern Marvels,General Entertainment,Full,Plex AU,,Active
Monster Jam,General Entertainment,Full,Plex AU,Roku,Active
More U,General Entertainment,Full,Plex AU,,Active
Most Haunted,Crime & Mystery,Full,Plex AU,,Active
Movieitaly Channel,Movies,Full,Plex AU,,Active
MOVIESPHERE,Movies,Full,Plex AU,,Active
Mr. Bean,General Entertainment,Full,Plex AU,,Active
Mr. Bean Live Action,General Entertainment,Full,Plex AU,,Active
Mutant X,General Entertainment,Full,Plex AU,,Active
Mythbusters,General Entertainment,Full,Plex AU,,Active
Mythical 24/7,General Entertainment,Full,Plex AU,,Active
Nashville,General Entertainment,Full,Plex AU,,Active
NEW KFOOD,Lifestyle,Full,Plex AU,,Active
Newsmax2,News & Business,Full,Plex AU,,Active
NewsWorld,News & Business,Full,Plex AU,,Active
NFL Channel,Sport,Full,Plex AU,,Active
NFL Super Bowl Champions,Sport,Full,Plex AU,,Active
NHRA TV,General Entertainment,Full,Plex AU,,Active
Nomad Travel,Lifestyle,Full,Plex AU,,Active
Nosey,General Entertainment,Full,Plex AU,,Active
Nosey Escándalos,General Entertainment,Full,Plex AU,,Active
Nothin' But 90s,General Entertainment,Full,Plex AU,,Active
Novelisima,General Entertainment,Full,Plex AU,,Active
Operation Repo,General Entertainment,Full,Plex AU,,Active
OUTflix Proud,General Entertainment,Full,Plex AU,,Active
Pac-12 Insider,General Entertainment,Full,Plex AU,,Active
PBS History,Factual,Full,Plex AU,,Active
PBS Science,Factual,Full,Plex AU,,Active
PeliMex,General Entertainment,Full,Plex AU,,Active
People are Awesome,General Entertainment,Full,Plex AU,,Active
PFL MMA,Sport,Full,Plex AU,,Failed
PGA TOUR,General Entertainment,Full,Plex AU,,Active
PickleTV,General Entertainment,Full,Plex AU,,Active
Pitufo TV,General Entertainment,Full,Plex AU,,Active
pocket.watch Game-On,General Entertainment,Full,Plex AU,,Active
Poker Night TV,General Entertainment,Full,Plex AU,,Active
PokerGO,General Entertainment,Full,Plex AU,,Active
POP,General Entertainment,Full,Plex AU,,Active
Pop Adult,General Entertainment,Full,Plex AU,,Active
Popular Science,Factual,Full,Plex AU,,Active
Powder TV,General Entertainment,Full,Plex AU,,Active
Powernation,General Entertainment,Full,Plex AU,,Active
Preston & Brianna,General Entertainment,Full,Plex AU,,Active
PursuitUP,General Entertainment,Full,Plex AU,,Active
Qwest TV,General Entertainment,Full,Plex AU,,Active
RACER International,General Entertainment,Full,Plex AU,,Active
Racing America,Sport,Full,Plex AU,,Active
RCM,General Entertainment,Full,Plex AU,,Active
Real Crime,Crime & Mystery,Full,Plex AU,,Active
Real Crime Uncovered,Crime & Mystery,Full,Plex AU,,Active
Real Emergency,General Entertainment,Full,Plex AU,,Active
Real Wild,Factual,Full,Plex AU,,Active
Relic Hunter,General Entertainment,Full,Plex AU,,Active
Remember the ‘80s,General Entertainment,Full,Plex AU,,Active
Revry,General Entertainment,Full,Plex AU,,Active
River Monsters,General Entertainment,Full,Plex AU,,Active
Robot Wars by Mech+,General Entertainment,Full,Plex AU,,Active
Rookie Blue,General Entertainment,Full,Plex AU,,Active
Ryan and Friends,General Entertainment,Full,Plex AU,,Active
Shemaroo Bollywood,General Entertainment,Full,Plex AU,,Active
Sheriffs: El Dorado County,General Entertainment,Full,Plex AU,,Active
SKWAD,General Entertainment,Full,Plex AU,,Active
SLOPES,General Entertainment,Full,Plex AU,,Active
Smooth Jazz,General Entertainment,Full,Plex AU,,Active
Smurf TV,General Entertainment,Full,Plex AU,,Active
Sonic The Hedgehog,General Entertainment,Full,Plex AU,,Active
Sonic TV,General Entertainment,Full,Plex AU,,Active
Sparkle Movies - Light & Love,Movies,Full,Plex AU,,Active
SPEEDVISION,General Entertainment,Full,Plex AU,,Active
SportsGrid,Sport,Full,Plex AU,,Active
Stars Central,General Entertainment,Full,Plex AU,,Active
Startalk TV,General Entertainment,Full,Plex AU,,Active
Stingray DJAZZ,Music,Full,Plex AU,,Active
Stingray Greatest Hits,Music,Full,Plex AU,,Active
Stingray Holidayscapes,Music,Full,Plex AU,,Active
Stingray Hot Country,Music,Full,Plex AU,,Active
Stingray Karaoke,Music,Full,Plex AU,,Active
Stingray Naturescape,Music,Full,Plex AU,,Active
Stingray Soul Storm,Music,Full,Plex AU,,Active
Strawberry Shortcake,General Entertainment,Full,Plex AU,,Active
Strongman Champions,General Entertainment,Full,Plex AU,,Active
Surf Cinema,Movies,Full,Plex AU,,Active
Surfer TV,General Entertainment,Full,Plex AU,,Active
SWAC TV,General Entertainment,Full,Plex AU,,Active
Teletubbies,General Entertainment,Full,Plex AU,,Active
Tennis TV,Sport,Full,Plex AU,,Active
Tennis+,Sport,Full,Plex AU,,Active
TG Junior,General Entertainment,Full,Plex AU,,Active
The Biggest Loser,General Entertainment,Full,Plex AU,,Active
The Bob Ross Channel,General Entertainment,Full,Plex AU,,Active
The Bold and the Beautiful,General Entertainment,Full,Plex AU,,Active
The Carol Burnett Show,Comedy,Full,Plex AU,,Active
The Design Network,General Entertainment,Full,Plex AU,,Active
The Ed Sullivan Show,General Entertainment,Full,Plex AU,,Active
The Emeril Lagasse Channel,General Entertainment,Full,Plex AU,,Active
The Hotel Inspector,General Entertainment,Full,Plex AU,,Active
The Kids in the Hall,Kids & Animation,Full,Plex AU,,Active
The Martha Stewart Channel,General Entertainment,Full,Plex AU,,Active
The Osbournes,General Entertainment,Full,Plex AU,,Active
The Pet Collective,General Entertainment,Full,Plex AU,,Active
The Prof G Channel,General Entertainment,Full,Plex AU,,Active
The Reuters 60,General Entertainment,Full,Plex AU,,Active
The Spa,General Entertainment,Full,Plex AU,,Active
The Wicked Tuna Channel,General Entertainment,Full,Plex AU,,Active
The Wiggles,General Entertainment,Full,Plex AU,,Active
The World Poker Tour,General Entertainment,Full,Plex AU,,Active
The World Poker Tour,General Entertainment,Full,Plex AU,,Active
Tiny House Nation,General Entertainment,Full,Plex AU,,Active
TNA Wrestling Channel,Sport,Full,Plex AU,Roku,Active
Today's K-Pop,General Entertainment,Full,Plex AU,,Active
Toon Goggles,General Entertainment,Full,Plex AU,,Active
TRACE Brazuca,General Entertainment,Full,Plex AU,,Active
TRACE Latina,General Entertainment,Full,Plex AU,,Active
TRACE UK,General Entertainment,Full,Plex AU,,Active
TRACE Urban,General Entertainment,Full,Plex AU,,Active
Trailers From Hell,General Entertainment,Full,Plex AU,,Active
Travel Escapes,Lifestyle,Full,Plex AU,,Active
True Crime Now,Crime & Mystery,Full,Plex AU,,Active
True History,Factual,Full,Plex AU,,Active
TV5MONDE Chefs,Lifestyle,Full,Plex AU,,Active
TV5MONDE Voyage,General Entertainment,Full,Plex AU,,Active
UFC,Sport,Full,Plex AU,,Active
Unbeaten,General Entertainment,Full,Plex AU,,Active
Undercover Boss,General Entertainment,Full,Plex AU,,Active
Unspeakable,General Entertainment,Full,Plex AU,,Active
Untold Stories of the ER,General Entertainment,Full,Plex AU,,Active
USA TODAY,General Entertainment,Full,Plex AU,,Active
Watch it Kid,General Entertainment,Full,Plex AU,,Active
Watch it SCREAM,General Entertainment,Full,Plex AU,,Active
Waypoint TV,General Entertainment,Full,Plex AU,,Active
WeatherSpy,News & Business,Full,Plex AU,,Active
Western Bound,Movies,Full,Plex AU,,Active
WildEarth,Factual,Full,Plex AU,,Active
WipeoutXtra,General Entertainment,Full,Plex AU,,Active
Wired2Fish,General Entertainment,Full,Plex AU,,Active
Women Behind Bars,General Entertainment,Full,Plex AU,,Active
Women's Sports Network,Sport,Full,Plex AU,,Active
Wonder,Factual,Full,Plex AU,,Active
World Billiards TV,Sport,Full,Plex AU,,Active
World Surf League 24/7,General Entertainment,Full,Plex AU,,Active
XFC TV,General Entertainment,Full,Plex AU,,Active
Xtreme Caution,General Entertainment,Full,Plex AU,,Active
Y2K,General Entertainment,Full,Plex AU,,Active
Yahoo Finance,News & Business,Full,Plex AU,,Active
Z Nation,General Entertainment,Full,Plex AU,,Active
ZenLIFE by Stingray,Music,Full,Plex AU,,Active
Éxitos del Momento,General Entertainment,Full,Plex AU,,Active
Don't Tell The Bride (AU) Geo,General Entertainment,Full,Curated,,Active
Project Runway (Australia),General Entertainment,Full,Curated,,Active
8 Out of 10 Cats (Australia),Comedy,Full,Curated,,Active
Pointless (Australia),Game Shows,Full,Curated,,Active
Anger Management (Australia),General Entertainment,Full,Curated,,Active
Mr Bean Animated (Australia),Comedy,Full,Curated,,Active
Dry Bar Comedy (Australia),Comedy,Full,Curated,,Active
The Asylum (Australia),General Entertainment,Full,Curated,,Active
ChopperTown (Australia),General Entertainment,Full,Curated,,Active
INFAST (Australia),General Entertainment,Full,Curated,,Active
Haunt TV (Australia),Crime & Mystery,Full,Curated,,Active
Escape to the Country (Australia),Lifestyle,Full,Curated,,Active
Outdoor Channel (Australia) Geo,Sport,Full,Curated,,Active
Pet Club TV (Australia),General Entertainment,Full,Curated,,Active
INWILD (Australia),Factual,Full,Curated,,Active
INWONDER (Australia),Factual,Full,Curated,,Active
Unsolved Mysteries (Australia),Crime & Mystery,Full,Curated,,Active
Naturetime (Australia),Factual,Full,Curated,,Active
Stingray Classic Rock,Music,Channel only,Samsung,,Active
Stingray Hit list,Music,Channel only,Samsung,,Active
Stingray Pop Adult,Music,Channel only,Samsung,,Active
Stingray 2000s,Music,Channel only,Samsung,,Active
Stingray Easy Listening,Music,Channel only,Samsung,,Active
PBS Kids (Australia) find correct aus,Kids & Animation,Full,Curated,,Active
Kartoon Channel (Australia),Kids & Animation,Full,Curated,,Active
Stingray Spa,Music,Channel only,Samsung,,Active
105 News24 Now,News & Business,Full,Curated,,Active
110 LeadStory Breaking News,News & Business,Full,Curated,,Active
112 Breaking Finance News,News & Business,Full,Curated,,Active
370 AWE Plus,General Entertainment,Full,Curated,,Active
377 Autentic Travel,Lifestyle,Full,Curated,,Active
378 Travelxp,Lifestyle,Full,Curated,,Active
357 Smart Healthy Green Living,Lifestyle,Full,Curated,,Active
299 WFN,General Entertainment,Full,Curated,,Active
375 Love Wine,Lifestyle,Full,Curated,,Active
367 Globetrotter,General Entertainment,Full,Curated,,Active
178 The Incredible Hulk,General Entertainment,Full,Curated,,Active
172 Hercules: The Legendary Journeys,Drama,Full,Curated,,Active
171 Xena Warrior Princess,Drama,Full,Curated,,Active
176 The Bionic Woman,Drama,Full,Curated,,Active
174 The Lone Ranger,Drama,Full,Curated,,Active
179 Ironside,Drama,Full,Curated,,Active
175 The Six-Million Dollar Man,Drama,Full,Curated,,Active
173 Universal Westerns,Movies,Full,Curated,,Active
177 Lassie,Drama,Full,Curated,,Active
182 MyTime Movie Network,Movies,Full,Curated,,Active
170 He-Man & Masters Of The Universe,Kids & Animation,Full,Curated,,Active
191 YoungHollywood,General Entertainment,Full,Curated,,Active
291 earthtouch,Factual,Full,Curated,,Active
272 Cocobi,Kids & Animation,Full,Curated,,Active
273 Robocar POLI,Kids & Animation,Full,Curated,,Active
261 Winx Club TV,Kids & Animation,Full,Curated,,Active
305 Autentic History,Factual,Full,Curated,,Active
301 Docsville,General Entertainment,Full,Curated,,Active
345 MMA TV,Sport,Full,Curated,,Active
342 Horse & Country,Lifestyle,Full,Curated,,Active
343 Trace Stars,General Entertainment,Full,Curated,,Active
60 Minutes,Factual,Full,Pluto,,Active
ABC News Live,News & Business,Full,Pluto,,Active
BBC News,News & Business,Full,Pluto,,Active
CBS News 24/7,News & Business,Full,Pluto,,Active
CNN HEADLINES,News & Business,Full,Pluto,,Active
CNNi,News & Business,Full,Pluto,,Active
NBC News NOW,News & Business,Full,Pluto,,Active
Scripps News,News & Business,Full,Pluto,,Active
Sky News,News & Business,Full,Pluto,,Active
Global News National,News & Business,Full,Pluto,,Active
The Weather Network,News & Business,Full,Pluto,,Active
CNN Originals,Factual,Full,Pluto,,Active
Smithsonian Channel Selects,Factual,Full,Pluto,,Active
Pluto TV History,Factual,Full,Pluto,,Active
Pluto TV Military,Factual,Full,Pluto,,Active
Pluto TV Science,Factual,Full,Pluto,,Active
BBC Earth,Factual,Full,Pluto,,Active
Love Nature,Factual,Full,Pluto,,Active
PBS Nature,Factual,Full,Pluto,,Active
Dinos 24/7,Factual,Full,Pluto,,Active
History Hunters,Factual,Full,Pluto,,Active
World War TV,General Entertainment,Full,Pluto,,Active
Pluto TV Britain at War,General Entertainment,Full,Pluto,,Active
Pluto TV Space,General Entertainment,Full,Pluto,,Active
Pluto TV Alien Invasion,General Entertainment,Full,Pluto,,Active
Pluto TV Conspiracy,General Entertainment,Full,Pluto,,Active
Ancient Aliens,General Entertainment,Full,Pluto,,Active
American Pickers,General Entertainment,Full,Pluto,,Active
Bar Rescue,General Entertainment,Full,Pluto,,Active
Bad Girls Club,General Entertainment,Full,Pluto,,Active
Black Ink Crew,General Entertainment,Full,Pluto,,Active
Bravo Vault,General Entertainment,Full,Pluto,,Active
Catfish,General Entertainment,Full,Pluto,,Active
Dance Moms,General Entertainment,Full,Pluto,,Active
Geordie Shore,General Entertainment,Full,Pluto,,Active
Love & Hip Hop,General Entertainment,Full,Pluto,,Active
Million Dollar Listing Vault,General Entertainment,Full,Pluto,,Active
Real Housewives Vault,General Entertainment,Full,Pluto,,Active
Storage Wars by A&E,General Entertainment,Full,Pluto,,Active
Teen Mom,General Entertainment,Full,Pluto,,Active
Warner Bros. TV Say Yes to the Dress,General Entertainment,Full,Pluto,,Active
The Real Housewives,General Entertainment,Full,Pluto,,Active
Big Brother,General Entertainment,Full,Pluto,,Active
The Amazing Race,General Entertainment,Full,Pluto,,Active
Ink Master,General Entertainment,Full,Pluto,,Active
Kitchen Battles,General Entertainment,Full,Pluto,,Active
Blue Bloods,Drama,Full,Pluto,,Active
Criminal Minds,Drama,Full,Pluto,,Active
CSI,Drama,Full,Pluto,,Active
CSI: Miami,Drama,Full,Pluto,,Active
CSI: NY,Drama,Full,Pluto,,Active
Law & Order,Drama,Full,Pluto,,Active
Midsomer Murders,Drama,Full,Pluto,,Active
Narcos,Drama,Full,Pluto,,Active
Nash Bridges,Drama,Full,Pluto,,Active
Beverly Hills 90210,Drama,Full,Pluto,,Active
Baywatch,Drama,Full,Pluto,,Active
Doc Martin,Drama,Full,Pluto,,Active
JAG,Crime & Mystery,Full,Pluto,,Active
MacGyver,Drama,Full,Pluto,,Active
Northern Exposure,Drama,Full,Pluto,,Active
Sea Patrol,General Entertainment,Full,Pluto,,Active
The Walking Dead Universe,Drama,Full,Pluto,,Active
BritBox Mysteries,Drama,Full,Pluto,,Active
Degrassi,Drama,Full,Pluto,,Active
Jane the Virgin,Drama,Full,Pluto,,Active
Weeds / Nurse Jackie,Drama,Full,Pluto,,Active
Battlestar Galactica,General Entertainment,Full,Pluto,,Active
Charmed,General Entertainment,Full,Pluto,,Active
Doctor Who Classic,General Entertainment,Full,Pluto,,Active
Ghost Whisperer,General Entertainment,Full,Pluto,,Active
Stargate,General Entertainment,Full,Pluto,,Active
Star Trek,General Entertainment,Full,Pluto,,Active
Star Trek: Deep Space Nine,General Entertainment,Full,Pluto,,Active
Star Trek: Enterprise,General Entertainment,Full,Pluto,,Active
Star Trek: The Next Generation,General Entertainment,Full,Pluto,,Active
Star Trek: Voyager,General Entertainment,Full,Pluto,,Active
Farscape,General Entertainment,Full,Pluto,,Active
Earth: Final Conflict,Sport,Full,Pluto,,Active
The Twilight Zone,General Entertainment,Full,Pluto,,Active
Happy Days,General Entertainment,Full,Pluto,,Active
I Love Lucy,General Entertainment,Full,Pluto,,Active
Diagnosis Murder,General Entertainment,Full,Pluto,,Active
Dynasty,General Entertainment,Full,Pluto,,Active
The Addams Family,General Entertainment,Full,Pluto,,Active
Hogan's Heroes,General Entertainment,Full,Pluto,,Active
Cagney & Lacey,Crime & Mystery,Full,Pluto,,Active
Hawaii Five-O,Crime & Mystery,Full,Pluto,,Active
Touched By An Angel,General Entertainment,Full,Pluto,,Active
Cheers,Comedy,Full,Pluto,,Active
Frasier,Comedy,Full,Pluto,,Active
Family Ties,Comedy,Full,Pluto,,Active
King of Queens,Comedy,Full,Pluto,,Active
Married... with Children,Comedy,Full,Pluto,,Active
Whose Line Is It Anyway?,General Entertainment,Full,Pluto,,Active
Tosh.0,Comedy,Full,Pluto,,Active
Comedy Central Pluto TV,Comedy,Full,Pluto,,Active
RiffTrax,Comedy,Full,Pluto,,Active
MST3K,Comedy,Full,Pluto,,Active
Girlfriends,Comedy,Full,Pluto,,Active
Baby Shark TV,Kids & Animation,Full,Pluto,,Active
Peppa Pig,Kids & Animation,Full,Pluto,,Active
Pokémon,Kids & Animation,Full,Pluto,,Active
Garfield and Friends,Kids & Animation,Full,Pluto,,Active
LEGO Kids TV,Kids & Animation,Full,Pluto,,Active
Mister Rogers' Neighborhood,Kids & Animation,Full,Pluto,,Active
Nick Jr. Pluto TV,Kids & Animation,Full,Pluto,,Active
Nickelodeon Pluto TV,Kids & Animation,Full,Pluto,,Active
TOTALLY TURTLES,Kids & Animation,Full,Pluto,,Active
iCarly TV,Kids & Animation,Full,Pluto,,Active
Max & Ruby,Kids & Animation,Full,Pluto,,Active
Mona The Vampire,Kids & Animation,Full,Pluto,,Active
Pluto TV Retro Toons,Kids & Animation,Full,Pluto,,Active
The Raccoons,Kids & Animation,Full,Pluto,,Active
The Smurfs,Kids & Animation,Full,Pluto,,Active
Crunchyroll,Kids & Animation,Full,Pluto,,Active
Naruto,Kids & Animation,Full,Pluto,,Active
One Piece,Kids & Animation,Full,Pluto,,Active
Sailor Moon,Kids & Animation,Full,Pluto,,Active
Yu-Gi-Oh!,Kids & Animation,Full,Pluto,,Active
Inuyasha,Kids & Animation,Full,Pluto,,Active
ANIME x HIDIVE,Kids & Animation,Full,Pluto,,Active
America's Test Kitchen,Lifestyle,Full,Pluto,,Active
Anthony Bourdain: Parts Unknown,Lifestyle,Full,Pluto,,Active
The Jamie Oliver Channel,Lifestyle,Full,Pluto,,Active
Property Brothers,Lifestyle,Full,Pluto,,Active
This Old House,Lifestyle,Full,Pluto,,Active
Best of Bobby Flay by Food Network,Lifestyle,Full,Pluto,,Active
Home Cooking by Food Network,Lifestyle,Full,Pluto,,Active
Top Chef,Lifestyle,Full,Pluto,,Active
Cold Case Files by A&E,Crime & Mystery,Full,Pluto,,Active
Dateline 24/7,Crime & Mystery,Full,Pluto,,Active
Court TV,Crime & Mystery,Full,Pluto,,Active
The First 48 by A&E,Crime & Mystery,Full,Pluto,,Active
FBI Files,Crime & Mystery,Full,Pluto,,Active
Deadly Women,Crime & Mystery,Full,Pluto,,Active
Crimes That Shook Britain,Crime & Mystery,Full,Pluto,,Active
Criminal Confessions,Crime & Mystery,Full,Pluto,,Active
Medical Detectives,Crime & Mystery,Full,Pluto,,Active
Bloodline Detectives,Crime & Mystery,Full,Pluto,,Active
Evidence of Evil,Crime & Mystery,Full,Pluto,,Active
CBS Sports HQ,Sport,Full,Pluto,,Active
FOX Sports,Sport,Full,Pluto,,Active
MLB,Sport,Full,Pluto,,Active
The NBA Channel,Sport,Full,Pluto,,Active
UEFA Champions League,Sport,Full,Pluto,,Active
DAZN Ringside,Sport,Full,Pluto,,Active
GolfPass,Sport,Full,Pluto,,Active
TennisChannel 2,Sport,Full,Pluto,,Active
Rugby Pass TV,Sport,Full,Pluto,,Active
Rally TV,Sport,Full,Pluto,,Active
FloHockey 24/7,Sport,Full,Pluto,,Active
MODUS Super Series Darts,Sport,Full,Pluto,,Active
Pluto TV Snooker 900,Sport,Full,Pluto,,Active
Bellator MMA,Sport,Full,Pluto,,Active
Classic Movies Channel,Movies,Full,Pluto,,Active
Paramount Movie Channel,Movies,Full,Pluto,,Active
Hallmark Movies & More,Movies,Full,Pluto,,Active
Lifetime Movie Favorites,Movies,Full,Pluto,,Active
British Screen Classics,Movies,Full,Pluto,,Active
Curzon,Movies,Full,Pluto,,Active
Pluto TV Horror,Movies,Full,Pluto,,Active
Pluto TV Thrillers,Movies,Full,Pluto,,Active
Pluto TV Cult Films,Movies,Full,Pluto,,Active
Pluto TV Action Movies,Movies,Full,Pluto,,Active
Classica,Music,Full,Pluto,,Active
Qello Concerts,Music,Full,Pluto,,Active
XITE Gospel,Music,Full,Pluto,,Active
Yo! MTV,Music,Full,Pluto,,Active
MTV Spankin' New,Music,Full,Pluto,,Active
TNA Wrestling Channel,Sport,Full,Roku,Roku,Duplicate
CW Presents WWE NXT,Sport,Full,Roku,,Failed
PFL MMA,Sport,Full,Roku,,Failed
The Price Is Right: The Barker Era,Game Shows,Full,Roku,Roku,Duplicate
BUZZR,Game Shows,Full,Roku,,Test pending
Scares by Shudder,Movies,Full,Roku,,Test pending
Monster Jam,Sport,Full,Roku,Roku,Duplicate
The Carol Burnett Show,Comedy,Full,Roku,,Test pending
Nick Jr Club,Kids & Animation,Full,Pluto,,Active
MTV Reality,General Entertainment,Full,Pluto,,Active
Survivor,General Entertainment,Full,Pluto,,Active
South Park,General Entertainment,Full,Pluto,,Active
48 Hours,General Entertainment,Full,Pluto,,Active
America's Next Top Model,General Entertainment,Full,Pluto,,Active
Matlock,General Entertainment,Full,Pluto,,Active
Mission Impossible,Game Shows,Full,Pluto,,Active
MTV Dating,General Entertainment,Full,Pluto,,Active
MTV Jersey Shore,General Entertainment,Full,Pluto,,Active
MTV Ridiculousness,General Entertainment,Full,Pluto,,Active
NickToons,Kids & Animation,Full,Pluto,,Active
SpongeBob SquarePants,General Entertainment,Full,Pluto,,Active
The Graham Norton Show,General Entertainment,Full,Pluto,,Active
The Judge Judy Channel,General Entertainment,Full,Pluto,,Active
The New Detectives,Crime & Mystery,Full,Pluto,,Active
The Outer Limits,General Entertainment,Full,Pluto,,Active
The Price is Right,Game Shows,Full,Pluto,,Active
The Price is Right: The Barker Era,Game Shows,Full,Roku,Roku,Duplicate
The X-Files,General Entertainment,Full,Pluto,,Active
Three's Company,General Entertainment,Full,Pluto,,Active
Top Gear,General Entertainment,Full,Pluto,,Active
Transformers,Kids & Animation,Full,Pluto,,Active
Walker Texas Ranger,General Entertainment,Full,Pluto,,Active
World of Love Island,General Entertainment,Full,Pluto,,Active
NCIS,General Entertainment,Full,Pluto,,Active
NCIS: Los Angeles,General Entertainment,Full,Pluto,,Active
The Challenge,General Entertainment,Full,Pluto,,Active
The Conners,General Entertainment,Full,Pluto,,Active
Taxi,General Entertainment,Full,Pluto,,Active
The Andy Griffith Show,General Entertainment,Full,Pluto,,Active
The Beverly Hillbillies,General Entertainment,Full,Pluto,,Active
Perry Mason,General Entertainment,Full,Pluto,,Active
Rawhide,General Entertainment,Full,Pluto,,Active
Scare Tactics,General Entertainment,Full,Pluto,,Active
